1060;;20260924;;1jFeGOAMwzM;;Americans Are Retiring Abroad in These 3 Countries – And They Do Not See What’s Coming Nex
1829;;20260921;;PG_5WhiP-Tc;;She Left the US With Her Kids for El Salvador - Now They Never Want to Leave!
1128;;20260918;;9Hx8VE9H0oA;;Voted The World's 5 Cheapest Countries to Live or Retire In (#1 Costs Almost Nothing!)
1652;;20260914;;jB48GlivrXs;;The One Big Reason He Left the US for Spain!  And He’s Not Moving Back!
1125;;20260911;;WipjyNxCd1c;;If you have NO MONEY here's the 3 Easiest Countries to Move to!
1709;;20260911;;C_-GfJr-GXQ;;He Bought a House in Japan for $3,000  - Why Are Houses So Cheap in Japan?
1127;;20260904;;fzCKzEcnomQ;;Why I’ve Been Ignoring These 3 Countries (And Why You Shouldn't!)
1531;;20260904;;cUZ3oCW1AAI;;She Left the Toxic U S  Behind and Started Over in Patagonia, Chile!
910;;20260828;;PguAPhZSrng;;Why Almost Nobody Lives in these 3 Countries (And Why Retirees Love Them)!
1718;;20260825;;cAkRla5tLHE;;He Retired in Vietnam on ONLY $700 a Month!
1241;;20260825;;ijPL0fP9Oks;;5 Countries That Make Retirement Feel Like A Vacation!
1733;;20260825;;RC4ErsEmJ0g;;He Honeymooned on This Greek Island — Then Bought a House and Never Left!
1136;;20260825;;6YdYTzb-IA4;;The American Dream May Be Dead... But It's Thriving in These 3 Countries!
1960;;20260825;;usqoDLWIyPs;;He Lives Comfortably in Cambodia on Just $600 a Month — Here’s How!
1075;;20260825;;5_jWGuQGndQ;;Central America's Top 3 Countries to Retire In Because Mexico Is No Longer An Option!
1563;;20260825;;HScop5HqhWU;;Colombia | The Friendliest Place On Earth To Retire?
1102;;20260825;;Ihc1GYn8b3s;;Italy vs Greece: Where Can Americans Retire Better?
1946;;20260825;;XCwmZhDDx8k;;Why this couple left America for Portugal!
1041;;20260725;;_jRM80-zxMA;;I Revisited One of Greece's Most Overlooked Islands...I'd Retire Here!
907;;20260725;;TxOi3kKw-O8;;Is America on the Verge of Collapse? 3 Best Countries to Escape To!
1636;;20260725;;Wt2Xd0vqEw8;;One BIG Reason This American Family Moved to URUGUAY!
889;;20260725;;eDbQuKyT_zM;;Americans Are Leaving...3 Most Popular Countries They Are Moving To!
1678;;20260725;;8QGz_vqUUZ0;;American Retiree Left Michigan for Colombia ... Now This Is His $1,000:Month View!
873;;20260725;;dKn67Jzi-1c;;3 Countries in Europe I'd Personally Retire In!
1501;;20260725;;xOA6FTBMnLI;;American Expat Living in Romania on $1,200 A Month!
1048;;20260725;;qUSua8yDrnA;;3 Near Perfect Countries for Retirees!
1732;;20260625;;gFHFvWiIAO4;;$100:Month in Otavalo Ecuador   Gorgeous Apartment With Balcony, ALL Bills Included!
1244;;20260625;;iY-3RPdC6bY;;5 Countries Where Social Security Still Buys an Amazing Life in 2026!
2311;;20260625;;GvoZygKmSRs;;She Left America and Bought a 5 Acre Paradise in Nicaragua for $165K!
1095;;20260625;;3Kqy58-D7Sg;;5 Countries Americans Can Escape to in 48 Hours and Start Living Immediately!
1718;;20260625;;l3cadBRf3r8;;He Rents 2 Homes in the Dominican Republic for only $160 a Month!
1013;;20260625;;cO8bj26-UhE;;Where I Would Retire On a $1000 a Month!
1373;;20260625;;UB1Y3I0DhuM;;She Left the U S  and Found Her Dream Retirement in Belize!
1109;;20260625;;f5leVWVvVjU;;Americans Can't Afford to Retire in the USA So They're Moving Abroad to These 5 Countries!
2928;;20260525;;0aggdkpCZMc;;She Left the US for This $60k Colombia Rooftop Home!
1037;;20260525;;M6bUBWy22PI;;5 Hidden Gems to Live or Retire Abroad That You Never Heard Of! (No Expats Live Here)
3320;;20260525;;9Qq3sTuMCnE;;The Facebook 'Strategy' This Couple Uses to Live Abroad for Half the Cost!
1097;;20260525;;ZU0Ri6CXthY;;The 3 Most Dangeous Countries For Expats - And 2 Safe Ones!
3414;;20260525;;o7jvHW6uQQc;;He Got Laid Off at 52, Sold Everything — Now Lives Large in the Philippines for $2K/Month!
1039;;20260525;;NXsLuaH8Pds;;5 countries Americans can Move in 24 Hours and No Income Required!
3770;;20260525;;mqJmaC6-z6w;;He Was Bored in U.S. Retirement — So He Moved to Thailand and Never Went Back!
981;;20260525;;BOVEuOWFCA0;;5 Best Countries to Live and Work In 2026 (My Top Recommendations)!
3158;;20260525;;2BrPsdyiB8w;;Family of 4 Living in China on $1275 / Month!
918;;20260425;;boanyC4ruUM;;5 Countries Where Cheap Property ALSO Buys You Residency and Citizenship!
3997;;20260425;;39d_T6mydyQ;;They Were Pushed Out of America – Living Large in Albania Under $2k / Mo!
1045;;20260425;;QmpXhvInYX4;;5 Countries Practically Begging Americans to Retire There!
3059;;20260425;;-ZBxRjyAVZ4;;He Retired in Italy for Under $2,000:Month by the Sea!
1017;;20260425;;dyH_8ER9yME;;The Top 5 Forgotten American Territories Where You Can Live Free
3452;;20260425;;Gm0BIF6DQPE;;Colombia Pushed Them Out—Now They’re Moving to France
796;;20260425;;QNgmW0d9pfI;;Why So Many Expats Fail Living Abroad When They Have These 4 Mindsets
4474;;20260425;;QdNmBwraYn8;;He Lost Everything Then Rebuilt His Life in Japan on $550/Month!
1002;;20260425;;ekj99MKJnfI;;5 Popular Expat Countries to AVOID If Global Conflict Escalates in 2026!
2736;;20260325;;-PrdlU2K2qE;;He Moved To The One Country Everyone Avoids – And Lives in a $200/Mo 2 Bedroom Bungalow!
950;;20260325;;8c0Awma-8w4;;The 5 Safest Countries to Escape Global Conflict in 2026!
3197;;20260325;;iJfV5kWpZH4;;She Retired Abroad and Found Love When She Least Expected It!
998;;20260325;;r9SfU8gfWFI;;Top 4 Hidden Gem Countries to Live or Retire in 2026 (Before Everyone Finds Them)!
2502;;20260325;;eagcy1rkal4;;Why She Never Moved Back to America After 18 Years in Thailand | Real Cost of Living
1020;;20260325;;Q79EemWU0F8;;Do NOT move to these 5 countries in 2026. Here's Why! (Updated)
4311;;20260325;;Il7yhYKNbO0;;He Left the U S  Because He Couldn’t Afford Healthcare — Then Boquete, Panama Charged Him 
1382;;20260325;;ALYhnrqa-mU;;The 8 Cheapest Places to Travel in 2026!
META;;210000;;Adventure Freaksss 
