2415;;20260825;;a1jHgOI5kkk;;Između linija koda: mentalno zdravlje u IT-u | DUMP Days X
1744;;20260825;;bRKErCDNf9M;;GenZ - kako voditi generaciju koja ne želi biti vođena? | Aljoša Mirčevski | DUMP Days X
2796;;20260825;;5h-BI44-KlU;;CTO i suosnivač Infobipa: Mit o uspjehu preko noći | Izabel Jelenić | DUMP Days X
1676;;20260825;;IoFsFe3yG1M;;Kako od korisničkih želja do stvarnih poslovnih potreba | Ivana Iličić | DUMP Days X
2792;;20260825;;xbn6EkpugRw;;Dumpovci na kraju svITa | DUMP Days X
1951;;20260825;;4iOl-Tw11SY;;PM u praksi: Kako ideja postaje proizvod | Martina Raguž | DUMP Days X
1990;;20260725;;DMWNSjJkQp8;;Od domaće zadaće do Googleovog AI-a | Damir Sabol  | DUMP Days X
3020;;20260725;;5Uye_ZD14cQ;;Faks te neće pripremiti za biznis, ali evo tko bi mogao | Poduzetnički panel | DUMP Days X
2701;;20260725;;UyHRA2is0YA;;Tehnologija iza League of Legends i VALORANT | Ivan Maček | DUMP Days 2026
3372;;20260725;;Yg6rPHfde3E;;Tko stvara 2050.?  | Predrag Pale | DUMP Days X
1858;;20260725;;vnIbQAEhRPU;;Svi pričaju o AI-u. Tko ga zapravo zna pretvoriti u proizvod? | AI panel | DUMP Days X
1971;;20260725;;zko_BH3Hfww;;Kako mi je FESB "pokvario" mozak na najbolji način | Ilija Brajković | DUMP Days X
2460;;20260725;;fGZ1Y6YjmhA;;Što AI ne može: vještine koje IT industrija traži 2026. by Mall of Split  | DUMP Days X
2138;;20260725;;lxUoXMlxcf8;;Tko ima tvoje podatke - i što možeš napraviti? | Dražen Oreščanin | DUMP Days 2026
2869;;20260725;;6zAcce04HKw;;Kako jezični modeli zaključuju i što sve (ne) mogu? | Marko Velić | DUMP Days X
1045;;20260525;;zCEPwxVtbU4;;Od juniora do team lead-a | ENT | DUMP Days X 
1065;;20260525;;KrBc1OEXrKk;;Kako nastaju digitalni proizvodi našeg društva? | Abysalto | DUMP Days X
840;;20260525;;o9axbg1Q844;;Tehnologija, budućnost AI-ja i Sparky* | Sparky* | DUMP Days X 
601;;20260525;;cwpRjwoleoQ;;Karijera u IT-u iz perspektive recruitera | Infobip | DUMP Days X
556;;20251125;;nIOkG2_cb-Q;;Ajmo skužit - Kako neuronske mreže uče
3196;;20251125;;0sBOIG2VXGY;;AI i developeri - partner ili konkurent? | Sponzorski panel | DUMP Days 2025
1480;;20251125;;4rKyaCh-GkM;;DevOps in Action: Solving Real-World Monitoring Challenges | Andrija Novogradec | DUMP Day
3615;;20251125;;LTu5Igrvy0M;;Tko tu koga.... vodi? Lideri, tehnologija i budućnost biznisa | Generalni panel | DUMP Day
2953;;20251125;;ojxml0ryJ-o;;Kako AI obogaćuje sportski produkt za milijune korisnika | Karlo Knežević | DUMP Days 2025
2367;;20251125;;QTiXK95Ekt0;;Unlocking the Mobile Networks - SW Developer's Perspective | Karlo Mužinić | DUMP Days 202
2909;;20251125;;YuBl2ziBtxs;;Koji kK...?!? | DUMP Days 2025 | Kazinoti & Komenda | DUMP Days 2025
2700;;20251125;;WQYHWvhN34k;;Investicije i surova realnost | DUMP Days 2025
2103;;20251125;;2Axy_LqhK6Y;;Od ideje do implementacije: Kako nastaje jedan feature u igri? | Marta Kunić | DUMP Days 2
1843;;20251125;;_paLOCvHNdI;;Kako web može vidjeti, čuti i osjetiti svijet oko sebe | Mensur Duraković | DUMP Days 2025
2630;;20251125;;Pr-q4yNiAoI;;Marketing, biznis i gaming: Startup patch notes | Nikola Stolnik | DUMP Days 2025
2742;;20251125;;ziDSTZ3HKXc;;Solana Virtual Machine: Trustless computing at scale | Nino Borović | DUMP Days 2025
2297;;20251125;;Jbl9zYB-Ibc;;Karijera developera u 2025.: San, stvarnost ili stres? | Rino Kovaćević | DUMP Days 2025
2662;;20251125;;xmEiDWvNwKA;;Kako izgraditi globalno konkurentan proizvod iz Hrvatske | Tomislav Car | DUMP Days 2025
1634;;20251125;;vClZOssh9aU;;Dark Social - mrak iza zastora društvenih mreža | Tomislav Metelko | DUMP Days 2025
2805;;20251125;;OUuNLqSGUzc;;Pare nisu problem… Ako znaš što radiš s njima | Toni Milun | DUMP Days 2025
1150;;20250925;;fxOlrZDnF7U;;Kako nam Abysalto mijenja svakodnevicu? | Abysalto | DUMP Days
1304;;20250925;;GGk4CzTVVn4;;Web3 na Balkanu: Što dolazi? | Superteam Balkan | DUMP Days 2025
2157;;20250925;;VFXs4YeV0xo;;Što je stvarno 5G i kako funkcionira? | Ericsson Nikola Tesla | DUMP Days 2025
1322;;20250925;;adCakL4pChA;;Product manager, od ideje do realizacije | Infobip | DUMP Days 2025
54;;20250925;;Q0ThzTQipjA;;D-U-M-P DAYS | 23. i 24.5.2025.
1430;;20250925;;FoKKS-YsQ9Y;;Što je Digitalna Dalmacija i zašto je važna? | Damir Brčić
1446;;20250925;;KlNiQ80SWpw;;React i Firebase | Stvaranje cloud backenda
80;;20250925;;qqtpi6O6jRA;;Aftermovie | Uz Python do AI Developera
5475;;20250925;;RUpiATi-MZY;;I šta s tin? - Primjena AI-ja u projektu | 3. predavanje, Uz Python do AI Developera
6653;;20250925;;vd94IWQDH48;;Uvod u AI - Kako računala uče? | 2. predavanje, Uz Python do AI Developera
6901;;20250925;;lDFLDGY5Xyc;;Hello, Python! - Sprint kroz osnove | 1. predavanje, Uz Python do AI Developera
972;;20250925;;11B3lz4B7VE;;Želiš postati pravi marketinški as? Pridruži se! | DUMP Internship 2024/25
210;;20250925;;QrdgXbE6TNU;;Pripravnici, ovo je sve što trebate znati | DUMP Internship 2024/25
2084;;20250925;;Cw7D6N2LIWI;;Beyond Software Development | Miro Dojkić | DUMP Days 2024
3110;;20250925;;g75HIChoYDs;;Kako nastaju slova? | Marko Hrastovec | DUMP Days 2024
2872;;20240925;;2JTn8DhJxRQ;;Čudesan svijet malih satelita | Daniela Jović | DUMP Days 2024
2874;;20240925;;aKYYhz6jgHY;;Umjetna inteligencija u programiranju: Od ideje do izvedbe | Saša Mladenović | DUMP Days 2
3652;;20240925;;3HRF2tTbtlg;;Stanje splitskog IT-ja: Kako do posla? | DUMP Days 2024
2552;;20240925;;64to9Et54us;;Microservices - The Good, the Bad and the Ugly | Petar Matan | DUMP Days 2024
1903;;20240925;;TsECSetVpmE;;Behind the canvas: Empowering creative websites with Webflow | Ilja van Eck | DUMP Days 20
2748;;20240925;;PgoT62k5G2E;;Kako i zašto započeti karijeru kao Solana Web3 developer? | Nino Borović | DUMP Days 2024
2770;;20240925;;wqKbMaE9lGk;;UX Copy ili kako pisati ekrane | Nenad Vukušić | DUMP Days 2024
2574;;20240925;;SJp2ajjADu8;;Blazor – One Ring to Rule Them All? | Mario Mucalo | DUMP Days 2024
3099;;20240925;;UBXdmhwFaKs;;Što smo to, dovraga, napravili? Primjeri iz prakse. | Davor Bruketa | DUMP Days 2024
3827;;20240925;;uAqBOWNQnf0;;Pomalo… o digitalu i marketingu | DUMP Days 2024
META;;6350;;DUMP
