1284;;20220925;;UCe1P-_yErY;;Modeliranje / konstruisanje terena u ArchiCAD-u! MESH TOOL
5884;;20220925;;AGu-972CzXk;;Crtanje detalja u ArchiCAD-u! -  Detalj atike ravnog krova!
305;;20220925;;ay7Qnt8M0Mc;;Kako učitati biblioteku ili materijale prilikom eksportovanja modela u noviju varijantu Ar
824;;20220925;;RnMoJH85mTM;;ArchiCAD TUTORIAL za početnike! Pozicija sunca u odnosu na objekat i postavke fasade u Arc
3790;;20220925;;gXGJSF1PnFU;;ArchiCAD TUTORIAL za početnike! Kuća P + 1 - OSMI DIO - Editovanje layouta i zaglavlja naš
803;;20220925;;2YSl7oSJNBw;;ArchiCAD TUTORIAL za početnike!! Kuća P + 1 - SEDMI DIO - Eksportovanje crteža u PDF i DWG
2974;;20220925;;dwPG1AH6TVQ;;ArchiCAD TUTORIAL za početnike!! Kuća P + 1 - ŠESTI DIO - Ubacivanje pozicija prostorija u
4157;;20220925;;d7spMobUdmE;;ArchiCAD TUTORIAL za početnike!! Kuća P + 1 - PETI DIO - Ubacivanje namještaja u projekat!
5008;;20220925;;98hZOe83ZJM;;ArchiCAD TUTORIAL za početnike!! Kuća P + 1 - ČETVRTI DIO - Layouti za idejni i izvedbeni 
5757;;20220925;;HlRCQHo9-gw;;ArchiCAD TUTORIAL za početnike!! Kuća P + 1 - TREĆI DIO - Konstruisanje terase pomoću opci
2281;;20220925;;zx4W4CWi7vk;;ArchiCAD TUTORIAL za početnike!! Automatsko kotiranje tlocrta objekta!
437;;20220925;;h0WmOMSi7To;;ArchiCAD TUTORIAL za početnike!! Kako promijenuti visinu horizontalnog presjeka u tlocrtu 
880;;20220925;;Sjc9exWcdDA;;ArchiCAD TUTORIAL za početnike!! Zoom i promjena orjentacije tj. rotiranje objekata  u pro
6125;;20220925;;ld5z-_Djl4Y;;ArchiCAD TUTORIAL za početnike!! Kuća P + 1 - DRUGI DIO - Konstruisanje prvog sprata i rav
1709;;20210925;;MzmTCe5TPEQ;;ArchiCAD TUTORIAL za početnike!! Mjerne jedinice (WORKING UNITS) i postavke kotiranja u Ar
6772;;20210925;;CuFLhComhUI;;ArchiCAD TUTORIAL za početnike!! Kuća P + 1 - PRVI DIO -  Konstruisanje prizemlja i temelj
2871;;20210925;;pXKRT6dczXw;;ArchiCAD TUTORIAL za početnike!! ZIDOVI / Vrste i način konstruisanja zidova u ArchiCAD-u
8330;;20210925;;lMHf4z2Cy3U;;ArchiCAD TUTORIAL za početnike! Kuća P + 1 - UVOD  - Struktura ArchiCAD-a / Prezentacija p
221;;20210925;;-b_gUu1bvJw;;Realistic video animation using ArchiCAD and Lumion
META;;761;;3D School
