727;;20260924;;tK3X2PLSU6A;;HSLS traži veći dodatak braniteljima s punim stažem: borbeni mjesec vrijedio bi šest eura
213;;20260924;;zWHBiZnrGK0;;Tomašević o zahtjevima sindikata: Grad mora paziti na novac Zagrepčana
127;;20260924;;73OCwcVwmwE;;Sarajevska cesta pala na tehničkom pregledu, otvaranje se odgađa
544;;20260924;;sGMSZEkUWUI;;Klasić u Saboru: Zašto bismo u Hrvatsku uopće uvozili tuđi otpad?
755;;20260920;;Rm_CUf2UUNU;;Odvorčić o putu u Peking: Selo gori, baba se češlja, a Zagreb je pred kolapsom
174;;20260920;;0PiH_M6tAVM;;KUD Preporod graced the opening of "Old Dishes of Dugo Selo"
172;;20260920;;hO9D2XESMFA;;Vukov Colić: Dugo Selo ovih je dana centar svijeta tradicijske gastronomije
96;;20260920;;PuPMlrh2y8E;;POLA TONE RIBE I 150 LITARA FIŠA: Ribolovci pripremili gozbu na Starim jelima
147;;20260920;;SRFWfYD9iCM;;Škrlec upozorava: Urod pojedinih sorti grožđa manji je i do 30 posto
149;;20260920;;CdcZV4LGXHc;;Zlatni grozd prvi put na Starim jelima: Skuhali 80 litara vinskog gulaša
176;;20260920;;805H_aV1eqg;;Panian: Stara jela nisu samo hrana i piće, ova manifestacija zbližava ljude
698;;20260919;;Vrii25ikdaA;;RADNICI HOLDINGA I ZET-a PRED ŠTRAJKOM: Do štrajka će doći, odgovornost je na gradonačelni
101;;20260919;;bl1p5noOPu8;;Dugo Selo okupilo 180 mladih zadrugara: Pogledajte što su sve izradili
708;;20260919;;c2fo_m7mHwc;;Šefovi Holdinga i ZET-a otkrili plan za slučaj štrajka
707;;20260917;;wLJz-TeAKp4;;Drito prozvao Tomaševića: Gdje je studija o energani koju su Zagrepčani platili?
67;;20260917;;I_T2DWPRayo;;Inspektori stigli na Savicu: Uz vodocrpilište leži 33.000 tona opasnog otpada
123;;20260917;;liGB_1kUmKk;;Velika Gorica živi sport: Više od 7200 sportaša, čak 5300 mlađih od 18 godina
242;;20260916;;I76On5N9kCQ;;NK Dubrava ponovno kod kuće: Otvoreni novi teren i klupske prostorije
130;;20260916;;DudaeoRPUPI;;Okroša: Višemilijunsko ulaganje dobilo je točku na i, ali ovdje ne stajemo
159;;20260916;;_0sgHzmromE;;Tomašević: Zagreb dobiva Riznicu, financije 335 korisnika ulaze u jedan sustav
82;;20260916;;zAy8b9blFqs;;Tomašević objavio: Izdana lokacijska dozvola za CGO u Resniku
316;;20260915;;W79ZQBpaS1w;;Troskot: Pravo na pitku vodu mora biti zaštićeno Ustavom
365;;20260915;;bAexn9PX1DE;;Učitelj koji je spasio ranjenog učenika: Ovo je mjesto s kojeg bismo trebali vrištati
95;;20260915;;_11IUg0JDpo;;Zurovec: Sudbina dvorca Erdödy jedan je od razloga zbog kojih sam ušao u politiku
365;;20260915;;vFDfwNf_A4Q;;Prosvjed pred školom u kojoj je učenik izbo kolegu
96;;20260913;;0n3FPz6Y9lE;;Zurovec nakon osnivanja Hrvatskog puta: Puna nam je kapa političkih amatera
64;;20260913;;Y-3SRgVLQBE;;Panian: We don't have to think alike, but we must act alike
73;;20260913;;P7e8SF7cdEQ;;Magdić otkrio zašto je pristupio Hrvatskom putu: Vrijeme je za iskorak na nacionalnu razin
337;;20260912;;hU5KpnaeJBI;;Mario Kovačević pred Osijek dobio pitanje o smjeni: Evo što je odgovorio
41;;20260912;;aW9akAszLdo;;Auto udario u rasvjetni stup, u sudaru poginule dvije osobe
335;;20260911;;ldzlkykXsmg;;Dogan o povećanju poreza na nekretnine: Tomašević i ekipa su izgubili kompas
400;;20260911;;j-F581wig3o;;Obrok 86 centi, dom od 40 eura: Studentski centar priprema stotine novih kreveta
250;;20260911;;ufXje-xpNdk;;Župan: Tomašević se prema onima koji zarađuju ponaša kao šerif, a prema udrugama kao Robin
264;;20260911;;zG9sWJfgT9k;;Tomašević otvorio kompleks u Španskom: Zagreb dobio prvi gradski bazen na zapadu grada
192;;20260911;;7UykGVqjLIw;;DRŽAVA DAJE DO 15.000 EURA ZA AUTOMOBIL: Evo tko može dobiti potporu
66;;20260911;;Grhc5CusOAU;;TRANSRODNE LUTKE U ZAGREBAČKOM VRTIĆU? Grad: Nismo ih naručili, odmah smo ih vratili
239;;20260911;;_Fhqs77_aRs;;Drito: Tomašević prihvatio izradu plana prehrane pa na njega zaboravio
136;;20260911;;zWctAvTbsTI;;IMA SAMO 13 GODINA I VEĆ JE PRVAK: Dominik pobijedio na natjecanju orača
202;;20260911;;OG7DfP0KruM;;VELIKI POVRATAK KONJIJADE: Tisuće ljudi i 72 ponajbolja konja u Kloštru Ivaniću
166;;20260911;;gOQQ2E-PBuU;;VATROGASNO NATJECANJE U RUGVICI Više od 50 vatrogasnih ekipa pokazalo brzinu i spretnost
91;;20260911;;Izj-WIuCS5c;;Stjepan Slanec sa zadovljstvom se vratio na Konjijadu: Sve je na nivou
70;;20260911;;KDFd4eia8P8;;Uspješan Ljetni Kup DVD-a Rugvica, "kaubojska" vježba DVD-u Donja Greda
192;;20260911;;waS2o2sWcko;;Aquarius wedding & event band led the people of Rugvica into a night to remember
142;;20260911;;zVB3cWjRqMk;;Plavi orkestar je bio pun pogodak
33;;20260911;;tiPpEsHlIqU;;Konjijada u Kloštru Ivaniću zasjala u punom sjaju
150;;20260911;;dz59Y5rMNxY;;Gimnazijalci se vratili u matičnu školu u središtu Petrinje
153;;20260911;;1mXqI_Nw2RQ;;Plavi orkestar i Rugvica u glas pjevali "Lovac i košuta"
282;;20260911;;Xq-vtNAnhxU;;Jasenka Haleuš: Kloštar je pokazao veliko zajedništvo
65;;20260911;;r0jGtXNc128;;Rugvica slavila Isusa uz molitvu, pjesmu i duhovno zajedništvo
485;;20260911;;1oTcQZao0ac;;Pavlović: Političari su na prosvjedu prosvjedovali protiv samih sebe
325;;20260911;;2viP56YWOdA;;Bedeković: Smrad nas budi noću, Inspektorat nije odgovorio na sedam prijava
78;;20260911;;Leg1lb4WXvo;;U Zagrebu veliki prosvjed zbog otpada u Gospiću
86;;20260911;;j1zSEnmz4nU;;Velikogoričani krenuli na zavjetno hodočašće u Mariju Bistricu, u Šćitarjevu tradicionalni
258;;20260911;;pfDDLMRIThc;;Loša i publika u Rugvici u glas pjevaju "Bolje biti pijan nego star"
202;;20260911;;GNDTxLPiGdg;;Plavi orkestar u Rugvici potvrdio zašto je jedan od omiljenijih sastava na ovim prostorima
338;;20260904;;rr2d3gPAChA;;Tomašević: Sve ide prema planu, osim Vukovarske – radovi se nastavljaju i u rujnu
228;;20260904;;3f_ZPVbyGA0;;Tomašević o otpadu na Savici: HEP i INA odlagali su ga prije nego što sam se rodio
91;;20260904;;H1zPiNK-wP0;;Tomašević i Korlaet probili rokove: Jedni učenici u autobusima, drugi u vatrogasnom domu
204;;20260904;;PgYdMCXJYos;;Kolarec uoči početka školske godine: U županijske škole kreće više prvašića nego lani
135;;20260904;;GKRigsrzjD0;;Veliki povratak Konjijade: U Kloštar Ivanić stižu najbolji konji i zaprege
META;;4560;;01Portal
