433;;20260924;;5KZwnafCh7Q;;Kako PRAVILNO Šaltat Brzine?  🚵 Izbjegni Onaj Grozan Zvuk!
1559;;20260911;;Qhh0eUPHYV8;;🔥 BREGDOWN ZELINA – MTB PARK KOJI MORATE POSJETITI! | UHAVTI GRIP
1224;;20260828;;8QjxQerxm08;;BELLANI CARBON KOTAČI – 2 MJESECA TESTA + EKSKLUZIVNA CIJENA 750 €!
625;;20260825;;EVP_FJWsn-E;;VOZIŠ BEZ KACIGE? OVO MORAŠ ČUTI
1379;;20260825;;omWXZschMRg;;Bauljanje po Sljemenu: Prvi test za GoPro 13 Black
761;;20260725;;3_VtjB16fQw;;Kako naučiti skakati dirt? | Uhvati Grip ft. Rene Vršić
726;;20260725;;z8CT-lxRacs;;13 godina i već LETI Sljemenom! 🤯 OTKAZALA MU JE KOČNICA!
388;;20260625;;WT2rUhBFfic;;JUTARNJA NARUBNA GARIONA
437;;20260625;;mSLHmWDsLfg;;MOGU LI HRVATSKI KARBONSKI KOTAČI PARIRATI SVJETSKIMA!? | Bellani Composites | UHVATI GRIP
514;;20260525;;Px7Or4ZNKCo;;Kako odabrati SAVRŠENU liniju na trailu? | Uhvati Grip S02E05
890;;20260525;;d0U2aRdhxtw;;Kako podesiti MTB suspenziju | Vodič za početnike
917;;20260425;;S0ybxKj3Syc;;Što čini 13-godišnjaka najbržim na Medvedgradu?
204;;20260425;;4PFwtRBhQyQ;;Wild Boar Skokovi + Old Medvedgrad | Najbolji Training Ground u Zagrebu
464;;20260425;;nOFIYWS5etE;;Nauči voziti na zadnjem: WHEELIE i MANUAL | Uhvati Grip S02E03
452;;20260425;;NFjYhyqXw0E;;Najteža MTB prepreka? Korijenje! | UHVATI GRIP S2E2
466;;20260325;;zq3k_4-Gwe4;;Carolina Reaper TOP to BOTTOM 🔥 | POV MTB Run
192;;20260325;;ovaSyW4tAcQ;;👉 5 grešaka prije prve MTB vožnje u sezoni | UHVATI GRIP S2E1
716;;20260325;;cMx2kV8ZkfI;;Sljeme ➝ Gračani ispod 12 MIN! 🚵‍♂️ MSU / Osinjak / Mica / Kriva Gljiva | GoPro POV
1744;;20260325;;NVVHvz3X2Ys;;EKSPLOZIVNOST – TAJNO ORUŽJE SVAKOG MTB VOZAČA 💣
1010;;20260225;;yYX6LBqjR3Y;;Ovo je osnova MTB vožnje – balans na biciklu
1655;;20260225;;lmnlE-Ad1vs;;Trening za jače ruke za MTB | Off sezona – Uhvati grip
1288;;20260125;;MUPjWBLrVRk;;Trening za core koji drži GRIP 💥 | Uhvati GRIP OFF SEZONA #3
1563;;20260125;;NGyGQGHhF4g;;OFF SEZONA BEZ SLABIH NOGU| UHVATI GRIP
1158;;20251225;;5Cc_Bg16Bx0;;Uhvati grip u off sezoni: pravilno zagrijavanje za MTB
1905;;20251025;;5kB17hBC7HM;;Pedaliram i odgovaram! 🚵 | UHVATI GRIP #11
385;;20251025;;a_EDB2EhDlo;;MTB SKOKOVI: vodič za početnike 🏔️ | UHVATI GRIP #10
272;;20251025;;kt8EM8p-iPY;;👉 Kako preživjeti prvi DROP? | UHVATI GRIP #9
309;;20251025;;s_InkWZ0te8;;Kontra nagib: gdje grip nestaje | UHVATI GRIP #8
296;;20250925;;S4j6pHbFAPQ;;Bunny Hop: trik koji otvara vrata MTB svijeta | UHVATI GRIP #7
400;;20250925;;eWBb4KKPgKA;;Pump track – savršen trening za kontrolu i flow | Uhvati grip #6
311;;20250925;;jeymxSLB4XQ;;Zašto gubiš brzinu na ravnom? | UHVATI GRIP #5
227;;20250925;;ShAAGd04p_A;;BENTOVI!! Toliko su zabavni – znate li ih iskoristiti? | UHVATI GRIP#4
379;;20250925;;znjCpqQNEZk;;Zašto vas kočenje čini bržim ? | UHVATI GRIP #3
331;;20250925;;Of1J4esZmO4;;UHVATI GRIP #2 — Kako proći zavoj kao PRO! | MTB Cornering tajne
373;;20250925;;_2wMKcq0mfU;;Voziš ovako? Greške koje svi početnici rade | UHVATI GRIP MTB školica #1
291;;20250925;;BcKgZ2AzVb0;;Cres MTB: Rocky Bart – Golden Hour
459;;20250925;;1U3iDrYUknE;;Kako izgleda profesionalno MTB fotografiranje ????
231;;20250925;;geThufMCeCI;;Ova MTB staza će ti promijeniti život! 🔥 Wild Boar Downhill Zagreb (GoPro POV)
869;;20250925;;Ntmqjed7bEI;;MTB Spust sa Sljemena (Crveni Križ → Mikulići) za 14 min! | Napad na Zapad 🚵‍♂️
390;;20250925;;9LP2KjC_Tpw;;"Trening s DH Reprezentacijom na NAJTEŽOJ Stazi u Hrvatskoj!"
408;;20250925;;eR-e4XMqwdc;;JAMA JAM BIZEK  TOP!!!
144;;20250925;;8t76PIKWU-Y;;🌶️ -- CAROLINA REAPER  --- SLJEME  --🌶️
133;;20240925;;h10cODZNRf0;;Bimbo
179;;20240925;;e5OiiE0V5vg;;Gariona na DH Legends SLJEME
225;;20240925;;ki8ChVBPKQU;;Divlja Ruža Sljeme
156;;20240925;;NmKo5rNCmMg;;SLJEMENSKI KUMPIĆ
90;;20240925;;vsiiuXziYOQ;;Flow Hoe Snješka Sljeme
142;;20240925;;Y7AViZrFJxE;;Sljeme Vanilija
113;;20240925;;wmk4A0Qfn4g;;Funniest MTB jump line in Croatia
2045;;20230925;;_vZbANacd8o;;RIDE and TALK: IVAN PETOŠIĆ PETKO
1446;;20230925;;C5qYOqSDTYg;;Sljemenska oldschool gariona (Osinjak,Mico,Gljiva,Kololorado,Rodeo,Enduro) Mamuzic,Brajs i
298;;20230925;;H1wmUb0MSVg;;Kriva Gljiva Sljeme
2566;;20230925;;nWeKQD2ZM2E;;Ride and Talk: IVICA KOSTELIĆ
508;;20230925;;HFp1QFDxPqI;;Sljemeniziranje
237;;20230925;;l6QEYj9SI4c;;Enduraga Agatha
411;;20230925;;rrawDV9CySM;;9tka,novi dijelovi.
2647;;20220925;;sRkICRxTac8;;RIDE AND TALK: NINO RUZICKA
621;;20220925;;ISs-kHEpnYE;;Lastovo Biking
2212;;20220925;;iHHoJywa-7w;;RIDE AND TALK: Lovel Matijaš, Hrvatski izbornik
195;;20220925;;kD7gDwi6V7w;;Nova downhill staza u Zagrebu; ZAGORKA!!!!!!
META;;1270;;Nikola Clutch
