353;;20260922;;R_EUWW1hAgk;;Iva Kraljević | "Ovu sobu ostavite zakopanu" | 24. Liburnia Film Festival
197;;20260825;;V04K7yPsfG0;;"Biti u rodu s Johnom Malkovichem" (Luka Mavretić, 2025.) | Recenzija
191;;20260725;;O-M49u2UEGo;;"Medo u šparugama" (Ivan Grgur, 2025.) | Recenzija
135;;20260725;;qxIjA3NnbyY;;"Crveni tobogan" (Nebojša Slijepčević, 2025.) | Recenzija
2916;;20260725;;md5cqtPSkrs;;Čovjek koji ne treba šutjeti | Nebojša Slijepčević | Dokunet Podcast #14
3070;;20260625;;05XOYOI3QLg;;Slažu li se producenti i redatelji? | Tibor Keser | Dokunet Podcast #13
3243;;20260625;;CVGlh2kBXlQ;;O kozama, ljudima i uskličnicima | Tonći Gaćina | Dokunet Podcast #12
2699;;20260525;;QWFEBLL302U;;Od novinarstva i copywritinga do redatelja dokumentarnih filmova | Ivan Grgur | Dokunet Po
424;;20260525;;tNcO1tQ2UEA;;U zajedničkom filmu i Art-kinu
1539;;20260525;;xOLG3CA4UTU;;Nije lako danas biti novinar | Melita Vrsaljko
206;;20260525;;Bi1bC0NhP8o;;Ivan Ramljak | "Pozdrav iz Sekretarijata" | 22. ZagrebDox
167;;20260525;;uE7XSkMZ3dk;;Jadran Boban | "Vučja gozba" | 22. ZagrebDox
182;;20260525;;nfe74UZ_ug0;;Sebastijan Borovčak | "Mirna dolina" | 22. ZagrebDox
151;;20260525;;VDZfeg2hBgY;;Luka Mavretić | "Biti u rodu s Johnom Malkovichem" | 22. ZagrebDox
141;;20260425;;4a-jQMKmlfE;;Tonći Gaćina | "Koze!" | 22. ZagrebDox
311;;20260425;;kNl3nK43k3g;;Hrvatski dokumentarci na 22. ZagrebDoxu
119;;20260425;;amxvSadN5WI;;Ivan Grgur | "Medo u šparugama" | 22. ZagrebDox
468;;20260425;;Z8heuut9b_M;;Nagrađeni najbolji hrvatski filmovi 2025. godine
504;;20260325;;k2X6QJYx-E0;;Od "Fiume o morte!" do "Mirotvorca": Hrvatski dokumentarci u 2025. godini
979;;20260325;;OcyNlryzs2s;;"Amerikanci ne razumiju ovu vrstu rata u Hrvatskoj" | Ivan Ramljak | "Mirotvorac"
474;;20260325;;S889L000ZCg;;ZG premijera filma o pravima radnika u Sloveniji | "Ono što treba činiti"
225;;20260325;;ulSIrWFvkLE;;"Ono što treba činiti" (Srđan Kovačević, 2025.) | Recenzija
221;;20260225;;ub2wMEjZc4o;;"Lekcije mog tate" (Dalija Dozet, 2025.) | Recenzija
80;;20260125;;tk8iQdeD2EA;;Hrvatska ima najbolji europski dokumentarac 2025. godine! | "Fiume o morte"!
1308;;20260125;;RQWlODMqHAE;;"Linije pogleda", ep. 5 | Producenti | Tamara Babun Zovko i Oliver Sertić
1462;;20260125;;dUdfhG36UCQ;;"Linije pogleda", ep. 4 | Dizajneri zvuka | Tihomir Vrbanec i Ivan Zelić
1278;;20260125;;hEtjEgUiNHE;;"Linije pogleda", ep. 3 | Snimatelji | Dora Čaldarović i Damian Nenadić
1361;;20260125;;HLSuTbCao0o;;"Linije pogleda", ep. 2 | Montažeri | Dora Slakoper i Vladimir Gojun
1277;;20260125;;sF1-J4v2OyM;;"Linije pogleda", ep. 1 | Redatelji | Lucija Brkić i Damir Markovina
186;;20251225;;wRuCGD5KMTM;;"Brdo stvari" (Toni Jelenić, 2024.) | Recenzija
32;;20251225;;A-lpKh3q77Y;;Uskoro...
500;;20251225;;ruqJ64MxoTI;;Top 10 | Najbolji hrvatski dokumentarni filmovi 2024. godine
284;;20251125;;263y1Bf3XdI;;Rijeka uskoro postaje centar studentskih dokumentaraca | 12. STIFF
478;;20251125;;UROSgWqbhcM;;Filmaktiv - hub riječke filmske scene
126;;20251025;;ISR_l_tFSSA;;Novi azerbejdžanski film u Zagrebu
196;;20251025;;SI40laUzAD8;;Ines Jokoš | "Kad vrtim film" | 23. Liburnia Film Festival
172;;20250925;;iKFnaPGHwYE;;Sebastijan Borovčak | "Naš vrt na kraju svijeta" | 23. Liburnia Film Festival
191;;20250925;;gfQp4lOqX9A;;Frane Pekica | "Filice" | 23. Liburnia Film Festival
128;;20250925;;kX86bBI8x0w;;Aleš Suk | "(P.S.)" | 23. Liburnia Film Festival
176;;20250925;;m-VTaTeCqws;;Vida Žagar | "Najbolji profesor filma na svijetu" | 23. Liburnia Film Festival
161;;20250925;;_zRpkjT1m5w;;Hrvoje Osvadić | "Paviljon 6" | 23. Liburnia Film Festival
3461;;20250925;;-NlY7ZzsAv4;;Izazovi snimanja vlastite obitelji | Silvestar Kolbas | Dokunet Podcast #10
651;;20250925;;J8qp3MB8wSg;;Čista ljepota života u ruralnoj Kini | Hansen Lin | 18. Subversive Film Festival
601;;20250925;;UlucumP9pKg;;Filmovi izvan uobičajenog | Patricia Pisters | 18. Subversive Film Festival
475;;20250925;;wsyGXcFl_Bg;;Kontekstualizacija filmske slike | Sanjin Pejković | 18. Subversive Film Festival
2040;;20250925;;5OqdNehMJ9o;;Motel kojeg više nema | Filip Mojzeš | Dokunet Podcast #9
329;;20250925;;m2NYFul7Hbs;;1. Dokumentarni.days!
243;;20250925;;39Bl1_eySOg;;Izabrali smo najbolji hrvatski dokumentarac 2024. godine!
2848;;20250925;;qypVdUJJfQY;;Radi, spavaj, radi... | Andrej Korovljev | Dokunet Podcast #8
253;;20250925;;Db-Dk2jdiCg;;Filmski kritičari iz regije u Zagrebu
1764;;20250925;;5VVf_RXsF1s;;I mi to isto doživljavamo... | Karla Jelić | Dokunet Podcast #7
2819;;20250925;;6FYrl9j2X3s;;Najglasnija tišina studentskih prosvjeda u Srbiji | Aleksandar Reljić | Dokunet Podcast #6
174;;20250925;;-t6IkvIRqlA;;Nove dokumentarističke nade predstavile svoje filmove
1821;;20250925;;Qemm42lRFI8;;Kakvu glazbu biramo na svojim sprovodima | Lidija Špegar | Dokunet Podcast #5
119;;20250925;;34GInM9zAc0;;Izidor Bistrović | "Kupam se, voli vas tata" | Dokumentarni na 21. ZagrebDoxu #5
129;;20250925;;BZBhYr0E5qc;;Lidija Špegar | "Underground top lista" | Dokumentarni na 21. ZagrebDoxu #4
255;;20250925;;1Az9-oRQubs;;"Lekcije mog tate" Dalije Dozet najbolji regionalni dokumentarac 21. ZagrebDoxa!
210;;20250925;;Zg452GJRo3I;;Ivan Ramljak | "Mirotvorac" | Dokumentarni na 21. ZagrebDoxu #3
202;;20250925;;QmTqLnrsVCE;;Dalija Dozet | "Lekcije mog tate" | Dokumentarni na 21. ZagrebDoxu #2
127;;20250925;;843-xgAtpCI;;Renata Lučić | "Godina prođe, dan nikako" | Dokumentarni na 21. ZagrebDoxu #1
META;;801;;Dokumentarni.net
