5366;;20251125;;4rtA4UVmwBw;;A+ Lectures 2025|11 African Fabbers Atlas|Paolo Cascone
4680;;20250925;;aLiFNAoNM-c;;A+ Lectures 2025|07 Practicing the Marshall Plan|ÓSKAR ÖRN ARNÓRSSON
5524;;20250925;;qyh6bRBRWHg;;A+ Lectures 2025|06 Transscalar Architecture|Andrés Jaque
4802;;20250925;;MrH8iaskk6Q;;A+ Lectures 2025|10 Sustainable Construction as Process|Yehao Song
6138;;20250925;;BK7Uh8ys3SU;;A+ Lectures 2025|08 A Primitive Future of Architectural Intelligence|Philip Yuan
4771;;20250925;;9LMpmUnFBFo;;A+|Tim Benton|03 Chairs.Tables, beds and Bach. The place of the gramophone in the mordern 
5261;;20230925;;H-MLOicyR3Q;;Sandi Hilal _ #13 ACC Lectures 2023
4910;;20230925;;XdjlqJ6wONU;;Hua Xiahong _ #12 ACC Lecture 2023
5040;;20230925;;peBjHnVeM44;;Davide Ruzzon _ #10 ACC Lectures 2023
4261;;20230925;;6x5q-NmrIi4;;François Dufaux _ #11 ACC Lectures
826;;20230925;;4Agnwods4AE;;Per-Johan Dahl _ #8 ACC Lectures_ Part 2
2155;;20230925;;6MQJsJP_pis;;Per-Johan Dahl _ #8 ACC Lectures_ Part 1
4541;;20230925;;IloCC2pKq1o;;Francesca Hughes_ #7 ACC Lectures 2023
4536;;20230925;;6uOrcButxc4;;Alessio Battistella_ #6 ACC Lectures 2023
3602;;20230925;;U9AaXyAkveE;;Dimitris Poulios _ #3 ACC Lectures 2023
4751;;20230925;;BE0psAeGQ6w;;Fulvio Irace _  #2 ACC Lectures 2023
4396;;20230925;;uKeFqJu3H6I;;Alvar Aaltissimo _ #1 ACC Lectures 2023
854;;20210925;;s2QtaQuvMRI;;ENDLESS FORMS MOST BEAUTIFUL | Full Video
31;;20210925;;KdRCbhRQy3s;;ENDLESS FORMS MOST BEAUTIFUL | Trailer 2
31;;20210925;;tbLRZNMr9jg;;ENDLESS FORMS MOST BEAUTIFUL - Trailer
87;;20210925;;YQA0EqRuJy8;;Intros 14 | ALESSANDRO BAVA
85;;20210925;;c7NnzNIidoU;;Intros 13 | FORMAFANTASMA
180;;20210925;;fu26sqgEUuQ;;Intros 12 | NEGOZIO BLU - CARLO GROMETTO
132;;20210925;;QKKkix7o56w;;Intros 10 | (AB)NORMAL
60;;20210925;;vtH_3BkOdiQ;;Intros 09 | ANDREA SUAREZ & CARLO PERABONI
162;;20210925;;MVGLFvykDGg;;Intros 08 | URBAN REPORTS
121;;20210925;;sfCnXeV8Z3o;;Intros 07 | MICHELE DI MARCO
107;;20210925;;YwaB_pZB1Nw;;Intros 06 |   OLE BOUMAN & BEATRICE LEANZA
126;;20210925;;jSVrzKIaYfE;;Intros 05 |   ALESSANDRO MASSERANTE
171;;20210925;;MNgQuBKEe3k;;Intros 04 | ORIZZONTALE
6954;;20210925;;X08QumMHY9A;;CONFERENCE ACC 2021 | Lecture 01 | William Ti Junior - WTA Architecture and Design Studio
1884;;20200925;;3svbexCaCv8;;Richard Ingersoll - Think like a Forest 2
3258;;20200925;;vbvwwdNECHo;;Richard Ingersoll - Think like a Forest 1
META;;633;;A+ Lectures PoliTo
