6728;;20210925;;wb4QoF_Bcks;;ana034: Designing Liberland | Tim’s Porcfest 2021 Speech
8721;;20200925;;h5OxvFKWirc;;ana032: HVAC vs. COVID: Will Schools Spread Airborne Infection? | with Goshe and Joe from 
5042;;20200925;;mGQrOgfzIpU;;ana031: Liberland Design Competition 2020 | Daniela Ghertovici Interview
4950;;20200925;;N9rgbB2orc0;;ana030: The ABC's of Market Urbanism | Scott Beyer Interview
5336;;20200925;;1ci-G0UPsH0;;ana029: Hospital Space is Inhibited, so Public Space is Prohibited
7026;;20200925;;jIfVy_4WXpk;;ana028: Anarchitecture 101 | John Ellis Interviews Tim
8726;;20200925;;sMqdO-1paa4;;ana027: 11 Spooky Fears About Short-Term Rentals | ASSUAGED!!!
4342;;20190925;;YZ-UPN5LyDs;;ana026: Music of Anarchitecture | Joe on Sounds Like Liberty
4179;;20190925;;bTXtQ3TeIJ4;;ana025: Free Private Cities | Titus Gebel Interview
3481;;20190925;;SmL8NTYDnUM;;ana024: Stroads to Destatalization | Chuck Marohn Interview Breakdown
5233;;20190925;;0Mz9b5l_vVQ;;ana023: Strong Towns for Libertarians | Chuck Marohn Interview
3769;;20190925;;Q2xkHJOXvT4;;ana022: AGENDA 21 Doesn't Exist | Free Market Nature Preserves | Who's Down With PPP?
7955;;20190925;;voqIInahGqM;;ana021: AGENDA 21!!! | Friends Against Government
3787;;20190925;;bWIBSYga248;;ana020: The Power of Place-Based Community | Tim's Freecoast 2018 Speech
7848;;20180925;;W3cMxrbweAI;;ana018: Startup Cities with Adam Hengels and Patrik Schumacher
7845;;20180925;;ujq1WGri4wA;;Anarchitecture Podcast ana018 | Startup Cities | Adam Hengels | Patrik Schumacher
7505;;20180925;;q4iCXd_r-oo;;ana016: The Future of Cities
3157;;20180925;;4uga7T1K0XA;;ana017: Anarchitecture on Declare Your Independence with Ernest Hancock
5071;;20180925;;U_CTAVyCmvk;;ana015: A Latticework of Harmony | Tim on Peaceful Anarchism
1801;;20180925;;L--bAvkf1QI;;ana014: Private Ownership of Public Space | Part 2: Exploring Opt-In Trusts
3511;;20180925;;arUbISRIXOY;;ana013: Private Ownership of Public Space | Part 1: Tim's Porcfest Speech
2672;;20180925;;DavsdW1pK3I;;ana012: Patrik Schumacher (4 of 4) | Post-Interview Commentary
4017;;20180925;;umxEU1gX8PI;;ana011: Patrik Schumacher (3 of 4) | The Interview
8101;;20180925;;FBGCDVKoJkw;;ana010: Patrik Schumacher (2 of 4) | Media Maelstrom
1964;;20180925;;XH27rvewggs;;ana009: Patrik Schumacher (1 of 4) | Introduction and Housing Controversy
4053;;20180925;;jGLPBIid3uc;;ana008: Way Beyond the Roads | The Tom Woods Show Ep. 802 plus Post-game
9857;;20180925;;cSXelRqEmJU;;ana007: Citizen of Nowhere | Part 2: Joe's Immigration Ordeal
7500;;20180925;;dkqOlrm5oQ0;;ana006: Citizen of Nowhere | Part 1: Tim's Abroad Life
7388;;20180925;;0Rc7pBpaYr4;;ana005: Joe's House of Doom
6388;;20180925;;3MIQ9S242us;;ana004: Tim's Solar Scam
5763;;20180925;;IpitPbKPO5U;;ana003: Antarchitecture | Anarchic Alternatives
4926;;20180925;;IBSsR0sEyzU;;ana002: The Grid | Problems with Government
2242;;20180925;;DC_e7h6TEtk;;ana001: Planning The Ruins | The Built Environment
1257;;20180925;;6fgYM0UDMSw;;ana000: Breaking Ground
META;;95;;Anarchitecture Podcast
