Projekt Velebit;;UC2yHIvdfB8iKorhc3eRBjHw;;https://www.youtube.com/channel/UC2yHIvdfB8iKorhc3eRBjHw;;6865;;PODCAST VELEBIT - Lučić: Čović i njegova korupcionaška ekipa su najveći problem ;;minorities
PODCAST BOG I HRVATI;;UC4c2_PYMd0uUKY8TexW5K7Q;;https://www.youtube.com/channel/UC4c2_PYMd0uUKY8TexW5K7Q;;3599;;Hrvatski arhiepiskop Aleksandar hrvatske pravoslavne crkve;;minorities
Telegram.hr;;UCV_gCZEP2ikrjZVTRulR7sw;;https://www.youtube.com/channel/UCV_gCZEP2ikrjZVTRulR7sw;;1878;;Vučić pred slomom: Hoće li otići mirno ako izgubi?;;minorities
Projekt Velebit;;UC2yHIvdfB8iKorhc3eRBjHw;;https://www.youtube.com/channel/UC2yHIvdfB8iKorhc3eRBjHw;;5706;;PODCAST VELEBIT – Gavran: Zašto Hrvatska koju vodi HDZ plaća odštete i mirovine ;;minorities
Radio Mrežnica;;UCI6pKljX81g3vuK2SYj62rQ;;https://www.youtube.com/channel/UCI6pKljX81g3vuK2SYj62rQ;;6127;;PODCAST MREŽNICA – Mihajlović:DP nema budućnost,problem su sebi, društvu i držav;;minorities
TV Dalmacija;;UCvNIJIY4CM-T28UQgbUE4rQ;;https://www.youtube.com/channel/UCvNIJIY4CM-T28UQgbUE4rQ;;174;;Ujediniti Srbe i Hrvate? Mišljenja građana su podjeljena! 20.01.2025.;;minorities
Projekt Velebit;;UC2yHIvdfB8iKorhc3eRBjHw;;https://www.youtube.com/channel/UC2yHIvdfB8iKorhc3eRBjHw;;4719;;PODCAST VELEBIT – Prkačin: HDZ će nam dati što hoćemo pa i mjesto premijera samo;;minorities
Projekt Velebit;;UC2yHIvdfB8iKorhc3eRBjHw;;https://www.youtube.com/channel/UC2yHIvdfB8iKorhc3eRBjHw;;5333;;PODCAST VELEBIT – Vlahović: Članovi vodstva HDZ-a moraju objavljivati fotografij;;minorities
Tribina clips & shorts;;UCdJw83Imk-Xk_Xpx-5Cl-sA;;https://www.youtube.com/channel/UCdJw83Imk-Xk_Xpx-5Cl-sA;;381;;Razlika između HNL-a i srpske lige;;minorities
Srpsko privredno društvo Privrednik;;UC0ECfyWEEYpD0bVa_dMqe5w;;https://www.youtube.com/channel/UC0ECfyWEEYpD0bVa_dMqe5w;;5552;;Tribina: „Proslava obljetnice osnutka NDH – Do kada ćemo se praviti da je to nor;;minorities
Projekt Velebit;;UC2yHIvdfB8iKorhc3eRBjHw;;https://www.youtube.com/channel/UC2yHIvdfB8iKorhc3eRBjHw;;6068;;PODCAST VELEBIT - Glasnovic: HDZ može pobijediti jedino na unutarstranačkim izbo;;minorities
Podcast BURA;;UCBRlEDoXFISodPLvTAcCdlg;;https://www.youtube.com/channel/UCBRlEDoXFISodPLvTAcCdlg;;3247;;Podcast BURA - Velibor Milivojević: Srbi u Gradskom vijeću Mostara trebaju imati;;minorities
Projekt Velebit;;UC2yHIvdfB8iKorhc3eRBjHw;;https://www.youtube.com/channel/UC2yHIvdfB8iKorhc3eRBjHw;;4093;;PODCAST VELEBIT - Zekanović: Plenković i njegova klika razmišljaju isto kao Bauk;;minorities
Katolička Tradicija;;UCf4lDW63CMNZggWovAFZNyw;;https://www.youtube.com/channel/UCf4lDW63CMNZggWovAFZNyw;;284;;Povjesničar dr. Ante Nazor: Treba li 7. lipnja biti Dan hrvatske državnosti?;;minorities
Tribina clips & shorts;;UCdJw83Imk-Xk_Xpx-5Cl-sA;;https://www.youtube.com/channel/UCdJw83Imk-Xk_Xpx-5Cl-sA;;161;;Hrvatska 🇭🇷 i srpska 🇷🇸 ⚽️ liga | odnos i koeficijenti;;minorities
Projekt Velebit;;UC2yHIvdfB8iKorhc3eRBjHw;;https://www.youtube.com/channel/UC2yHIvdfB8iKorhc3eRBjHw;;5275;;PODCAST VELEBIT – Turk: Svi sudjelujemo u eksperimentu za koji znamo da neće usp;;minorities
serb‧fun;;UCbI6g8MNZUF67nBLES2sRkg;;https://www.youtube.com/channel/UCbI6g8MNZUF67nBLES2sRkg;;44;;Baja Mali Knindža o Thompsonu;;minorities
Projekt Velebit;;UC2yHIvdfB8iKorhc3eRBjHw;;https://www.youtube.com/channel/UC2yHIvdfB8iKorhc3eRBjHw;;4751;;PODCAST VELEBIT – Milinović (HDZ): Pupovac danas radi isto što je radio Miloševi;;minorities
Super7;;UC6ZlZrsPw_RnEc17U5kP8KA;;https://www.youtube.com/channel/UC6ZlZrsPw_RnEc17U5kP8KA;;112;;Može li Hrvat biti trener nekog srpskog velikana? - SuperSportske podcast #34 - ;;minorities
Projekt Velebit;;UC2yHIvdfB8iKorhc3eRBjHw;;https://www.youtube.com/channel/UC2yHIvdfB8iKorhc3eRBjHw;;6328;;PODCAST VELEBIT - Valdec: Stvarnu veličinu problema s migrantima, mediji u Hrvat;;minorities
Boris Malagurski;;UCr1M-E3iq3udlE2eYgRwpGg;;https://www.youtube.com/channel/UCr1M-E3iq3udlE2eYgRwpGg;;1577;;Born From Persecution | The Truth About Jasenovac;;minorities
Oslobođenje;;UCmAoNqGvyPtP9hOAypvFzrg;;https://www.youtube.com/channel/UCmAoNqGvyPtP9hOAypvFzrg;;81;;Gdje je SNSD stao, HDZ BiH je nastavio;;minorities
Tribina;;UCjTiZ9ebMJumhPMsciuevxg;;https://www.youtube.com/channel/UCjTiZ9ebMJumhPMsciuevxg;;2671;;Hrvatska - Gana: Taktička analiza i sastavi | Uoči utakmice | Tribina SP;;minorities
Tribina;;UCjTiZ9ebMJumhPMsciuevxg;;https://www.youtube.com/channel/UCjTiZ9ebMJumhPMsciuevxg;;3050;;O nižim hrvatskim ligama (vol 2) | Zapad i Jug | Tribina Podcast;;minorities
Tribina;;UCjTiZ9ebMJumhPMsciuevxg;;https://www.youtube.com/channel/UCjTiZ9ebMJumhPMsciuevxg;;254;;Lovrić i Kahlina o svojim počecima i nižim ligama;;minorities
Telegram.hr;;UCV_gCZEP2ikrjZVTRulR7sw;;https://www.youtube.com/channel/UCV_gCZEP2ikrjZVTRulR7sw;;1110;;Redžepović: Srbija gradi moćnu vojsku, HDZ podriva naš sustav;;minorities
P - portal;;UCwvCoOSJWH5r8GyoWKlvi0A;;https://www.youtube.com/channel/UCwvCoOSJWH5r8GyoWKlvi0A;;2568;;Boris Milošević: Sva prava nacionalnih manjina ovise o popisu stanovništva;;minorities
SBS Audio;;UCmOZTyhea2luossld9Qpu9Q;;https://www.youtube.com/channel/UCmOZTyhea2luossld9Qpu9Q;;528;;Ukratko iz Hrvatske, 21.4.2026. | SBS Croatian - SBS na hrvatskom;;minorities
Oslobođenje;;UCmAoNqGvyPtP9hOAypvFzrg;;https://www.youtube.com/channel/UCmAoNqGvyPtP9hOAypvFzrg;;216;;Hrvatska u zamci HDZ-a BiH: "Zloupotreba članstva u EU i provođenje ruskog utica;;minorities
Telegram.hr;;UCV_gCZEP2ikrjZVTRulR7sw;;https://www.youtube.com/channel/UCV_gCZEP2ikrjZVTRulR7sw;;1595;;Plenković sada Penavu i Anušića ima točno tamo gdje želi;;minorities
Oslobođenje;;UCmAoNqGvyPtP9hOAypvFzrg;;https://www.youtube.com/channel/UCmAoNqGvyPtP9hOAypvFzrg;;134;;Konstiturajuća sjednica državnog Parlamenta;;minorities
Oslobođenje;;UCmAoNqGvyPtP9hOAypvFzrg;;https://www.youtube.com/channel/UCmAoNqGvyPtP9hOAypvFzrg;;268;;Novi lider SDS-a: Stvaranje stalnog sukoba je idealna situacija za opstanak SNSD;;minorities
Oslobođenje;;UCmAoNqGvyPtP9hOAypvFzrg;;https://www.youtube.com/channel/UCmAoNqGvyPtP9hOAypvFzrg;;103;;Dodik odgovorio Kolindi - 9. januar nije falsifikat;;minorities
Oslobođenje;;UCmAoNqGvyPtP9hOAypvFzrg;;https://www.youtube.com/channel/UCmAoNqGvyPtP9hOAypvFzrg;;163;;Ko je pozivao na međunacionalne podjele!;;minorities
Tribina;;UCjTiZ9ebMJumhPMsciuevxg;;https://www.youtube.com/channel/UCjTiZ9ebMJumhPMsciuevxg;;5791;;Rotacijski rizik | Tribina fantasy #37;;minorities
Al Jazeera Balkans;;UC_yXEx3-Gk5drg9qhPzSQSg;;https://www.youtube.com/channel/UC_yXEx3-Gk5drg9qhPzSQSg;;215;;Kampanja e-Srbin izazvala nesuglasice u Hrvatskoj;;minorities
Projekt Velebit;;UC2yHIvdfB8iKorhc3eRBjHw;;https://www.youtube.com/channel/UC2yHIvdfB8iKorhc3eRBjHw;;6931;;PODCAST VELEBIT – Vlahović: U slučaju eskalacije rata Rusi bi mogli izvesti nukl;;minorities
Oslobođenje;;UCmAoNqGvyPtP9hOAypvFzrg;;https://www.youtube.com/channel/UCmAoNqGvyPtP9hOAypvFzrg;;441;;Božo Ljubić za TV1 - Sa SDP-om imamo sporazum o provedbi presude Sejdić-Finci;;minorities
Oslobođenje;;UCmAoNqGvyPtP9hOAypvFzrg;;https://www.youtube.com/channel/UCmAoNqGvyPtP9hOAypvFzrg;;173;;SDA, SNSD i HDZ BiH najbrojnije stranke u državnom i entitetskim parlamentima;;minorities
Oslobođenje;;UCmAoNqGvyPtP9hOAypvFzrg;;https://www.youtube.com/channel/UCmAoNqGvyPtP9hOAypvFzrg;;625;;Specijal TV1 - Amer Jerlagić, predsjednik stranke za BiH - peti dio;;minorities
