Sportcast Network;;UCon5iIws-cixVGo9QPjJI3w;;https://www.youtube.com/channel/UCon5iIws-cixVGo9QPjJI3w;;4821;;Vid Horvat o budućnosti ABA Lige, šansama Splita za ostanak i Play-offu ABA Lige;;sport-basketball
Košarkaški podcast sa Lukom i Kuzmom;;UCZEeXCfyo_ljd_e2o7zxVtw;;https://www.youtube.com/channel/UCZEeXCfyo_ljd_e2o7zxVtw;;10616;;Košarkaški podcast #76 sa Lukom i Kuzmom: Najava ABA lige;;sport-basketball
Sportcast Network;;UCon5iIws-cixVGo9QPjJI3w;;https://www.youtube.com/channel/UCon5iIws-cixVGo9QPjJI3w;;1798;;Od Aleksandra Džikića do Marka Šapita (Analiza treće utakmice NBA finala);;sport-basketball
Nebeska Udica;;UCkqWhnxjTVZh7Z4twX39gwg;;https://www.youtube.com/channel/UCkqWhnxjTVZh7Z4twX39gwg;;3613;;ABA liga - analiza pete finalne utakmice: Partizan postao regionalni šampion nak;;sport-basketball
Košarkaški podcast sa Lukom i Kuzmom;;UCZEeXCfyo_ljd_e2o7zxVtw;;https://www.youtube.com/channel/UCZEeXCfyo_ljd_e2o7zxVtw;;7821;;Lovac na F4 - Košarkaški podcast No.124 sa Lukom i Kuzmom;;sport-basketball
Košarkaški podcast sa Lukom i Kuzmom;;UCZEeXCfyo_ljd_e2o7zxVtw;;https://www.youtube.com/channel/UCZEeXCfyo_ljd_e2o7zxVtw;;6250;;Ko čeka, taj dočeka | Košarkaški podcast No.186 sa Lukom i Kuzmom;;sport-basketball
Košarkaški podcast sa Lukom i Kuzmom;;UCZEeXCfyo_ljd_e2o7zxVtw;;https://www.youtube.com/channel/UCZEeXCfyo_ljd_e2o7zxVtw;;7441;;Košarkaški podcast #64 sa Lukom i Kuzmom: Pregled šestog dana Evropskog prvenstv;;sport-basketball
Sportcast Network;;UCon5iIws-cixVGo9QPjJI3w;;https://www.youtube.com/channel/UCon5iIws-cixVGo9QPjJI3w;;8219;;Detaljna analiza zadarskog  kaosa sa Matejom Kačanom i Tomislavom Horvatom!;;sport-basketball
Sportcast Network;;UCon5iIws-cixVGo9QPjJI3w;;https://www.youtube.com/channel/UCon5iIws-cixVGo9QPjJI3w;;5466;;Danijel Lutz o planovima Blazersa, samoubojstvu Kingsa i tome što Sixersi  sve t;;sport-basketball
MONDO PORTAL;;UC1iu-nv89Gfrx6ta8EVvRkQ;;https://www.youtube.com/channel/UC1iu-nv89Gfrx6ta8EVvRkQ;;103;;ŠESTA LIČNA: Borba za ABA 1 i priče sa KLS parketa! | S4 SP1;;sport-basketball
Meridian Sport BH;;UCnRPU38eSCbFUm5TCsh_UIw;;https://www.youtube.com/channel/UCnRPU38eSCbFUm5TCsh_UIw;;3770;;(PODKAST) Nebeska udica #4 - Zvezdin kiks u Laktašima, sjajna Cibona i ponor Mor;;sport-basketball
Košarkaški podcast sa Lukom i Kuzmom;;UCZEeXCfyo_ljd_e2o7zxVtw;;https://www.youtube.com/channel/UCZEeXCfyo_ljd_e2o7zxVtw;;6271;;Košarkaški podcast #60 sa Lukom i Kuzmom: Pregled drugog dana Evropskog prvenstv;;sport-basketball
Hrvatski košarkaški savez;;UCVH6xZPHujq9sIFIeGAR6DQ;;https://www.youtube.com/channel/UCVH6xZPHujq9sIFIeGAR6DQ;;1432;;HRVATSKA KOŠARKA #43 sezona II;;sport-basketball
Meridian Sport BH;;UCnRPU38eSCbFUm5TCsh_UIw;;https://www.youtube.com/channel/UCnRPU38eSCbFUm5TCsh_UIw;;4098;;(PODKAST) Nebeska udica #8: Spektakl u nedjelju, "večiti derbi" između Crvene zv;;sport-basketball
Tribina;;UCjTiZ9ebMJumhPMsciuevxg;;https://www.youtube.com/channel/UCjTiZ9ebMJumhPMsciuevxg;;3173;;Tribina Podcast | Rocketsi, Raptorsi, balkanski NBA igrači;;sport-basketball
Košarkaški podcast sa Lukom i Kuzmom;;UCZEeXCfyo_ljd_e2o7zxVtw;;https://www.youtube.com/channel/UCZEeXCfyo_ljd_e2o7zxVtw;;5530;;Košarkaški podcast #37 sa Lukom i Kuzmom: Potresi u srpskoj košarci.;;sport-basketball
Košarkaški podcast sa Lukom i Kuzmom;;UCZEeXCfyo_ljd_e2o7zxVtw;;https://www.youtube.com/channel/UCZEeXCfyo_ljd_e2o7zxVtw;;11094;;Košarkaški podcast #74 sa Lukom i Kuzmom: Najava finala EP;;sport-basketball
Sportklub Hrvatska;;UC9E5DkcSknr4eN5DISCB3Mg;;https://www.youtube.com/channel/UC9E5DkcSknr4eN5DISCB3Mg;;3617;;SK PODCAST KOSARKA Ivica Skelin i Ivan Velić;;sport-basketball
Sportcast Network;;UCon5iIws-cixVGo9QPjJI3w;;https://www.youtube.com/channel/UCon5iIws-cixVGo9QPjJI3w;;372;;Moj take o zadarskoj tituli i stanju u hrvatskoj košarci!;;sport-basketball
Sportcast Network;;UCon5iIws-cixVGo9QPjJI3w;;https://www.youtube.com/channel/UCon5iIws-cixVGo9QPjJI3w;;286;;Kako se slažu Bruno Caboclo  i Partizan?!;;sport-basketball
Košarkaški podcast sa Lukom i Kuzmom;;UCZEeXCfyo_ljd_e2o7zxVtw;;https://www.youtube.com/channel/UCZEeXCfyo_ljd_e2o7zxVtw;;4297;;Košarkaški podcast #34 sa Lukom i Kuzmom: Još jedna ili idemo dalje?;;sport-basketball
Sportske novosti;;UCcMUnOOY8vJKiRKF41_mqfQ;;https://www.youtube.com/channel/UCcMUnOOY8vJKiRKF41_mqfQ;;36;;Tko je unakazio košarkašu igru? SuperSportske Podcast #4;;sport-basketball
Košarkaški podcast sa Lukom i Kuzmom;;UCZEeXCfyo_ljd_e2o7zxVtw;;https://www.youtube.com/channel/UCZEeXCfyo_ljd_e2o7zxVtw;;7041;;Čekajući prvenac! - Košarkaški podcast #87 sa Lukom i Kuzmom;;sport-basketball
PodKaST;;UCYIJYPlIPHn3e03NQOmgAQA;;https://www.youtube.com/channel/UCYIJYPlIPHn3e03NQOmgAQA;;6983;;PodKaST - U balunu # 12 - Sportski kviz 5. krug i Izvještaj o lokalnom sportu;;sport-basketball
Tribina;;UCjTiZ9ebMJumhPMsciuevxg;;https://www.youtube.com/channel/UCjTiZ9ebMJumhPMsciuevxg;;4494;;NBA podcast | Rockets, Clippers, hrvatska košarka...;;sport-basketball
Van terena;;UC2Vg9RuGiMZPMXtOV19ZSog;;https://www.youtube.com/channel/UC2Vg9RuGiMZPMXtOV19ZSog;;551;;[Podcast] Analiza meca Buducnost - Partizan;;sport-basketball
Hrvatski košarkaški savez;;UCVH6xZPHujq9sIFIeGAR6DQ;;https://www.youtube.com/channel/UCVH6xZPHujq9sIFIeGAR6DQ;;1667;;HRVATSKA KOŠARKA ep. 9 / sezona 5⃣;;sport-basketball
Van terena;;UC2Vg9RuGiMZPMXtOV19ZSog;;https://www.youtube.com/channel/UC2Vg9RuGiMZPMXtOV19ZSog;;267;;[Podcast] Analiza Crvena Zvezda - Zadar;;sport-basketball
Tribina;;UCjTiZ9ebMJumhPMsciuevxg;;https://www.youtube.com/channel/UCjTiZ9ebMJumhPMsciuevxg;;8786;;Završetak HNL-a i liga Petice, finala Lige prvaka i Europa lige;;sport-basketball
Košarkaški podcast sa Lukom i Kuzmom;;UCZEeXCfyo_ljd_e2o7zxVtw;;https://www.youtube.com/channel/UCZEeXCfyo_ljd_e2o7zxVtw;;11676;;SP 2023 Specijal 04 | Stefan Marković;;sport-basketball
Sportologija - Sportski Podcast;;UCCojuuthVe0k51qzsbjd74g;;https://www.youtube.com/channel/UCCojuuthVe0k51qzsbjd74g;;5557;;NBA Slam Dunk Podcast #13: NBA Playoffs / Prva Runda Doigravanja -Powered by Buš;;sport-basketball
Meridian Sport BH;;UCnRPU38eSCbFUm5TCsh_UIw;;https://www.youtube.com/channel/UCnRPU38eSCbFUm5TCsh_UIw;;4658;;(PODKAST) Nebeska udica #5 (gost Boban Ninić): O Promu, dešavanjima u Ligi BiH +;;sport-basketball
Tribina;;UCjTiZ9ebMJumhPMsciuevxg;;https://www.youtube.com/channel/UCjTiZ9ebMJumhPMsciuevxg;;8611;;Jadranski derbi, 29. kolo HNL-a, Liga prvaka;;sport-basketball
Sportcast Network;;UCon5iIws-cixVGo9QPjJI3w;;https://www.youtube.com/channel/UCon5iIws-cixVGo9QPjJI3w;;4370;;Nihad Žunić:"Portland će tradeati Nurkiča, a Lakersi su ekipa za jednu sezonu"!;;sport-basketball
Nebeska Udica;;UCkqWhnxjTVZh7Z4twX39gwg;;https://www.youtube.com/channel/UCkqWhnxjTVZh7Z4twX39gwg;;4743;;Evroliga - Analiza 9. i 10. kola: Perfektan učinak Zvezde, španska turneja Parti;;sport-basketball
Košarkaški podcast sa Lukom i Kuzmom;;UCZEeXCfyo_ljd_e2o7zxVtw;;https://www.youtube.com/channel/UCZEeXCfyo_ljd_e2o7zxVtw;;10891;;Košarkaški podcast #67 sa Lukom i Kuzmom: Pregled prvih mečeva osmine finala;;sport-basketball
Sportnetwork NS;;UCNEIqUCYk0v4jboOMcyH01g;;https://www.youtube.com/channel/UCNEIqUCYk0v4jboOMcyH01g;;446;;ABA liga, 9. kolo: Partizan - Olimpija 77:78;;sport-basketball
Sportske Novosti;;UCafepewN4slWnKqnTUC5Hlw;;https://www.youtube.com/channel/UCafepewN4slWnKqnTUC5Hlw;;670;;Ep7: Run&Gun Podcast -  Dončić, Derbi i dobra košarka!;;sport-basketball
Tribina clips & shorts;;UCdJw83Imk-Xk_Xpx-5Cl-sA;;https://www.youtube.com/channel/UCdJw83Imk-Xk_Xpx-5Cl-sA;;802;;Problemi Splita | Fantastični Jordano | Dolazak Repeše feat. Ivan Tomas;;sport-basketball
Hrvatski košarkaški savez;;UCVH6xZPHujq9sIFIeGAR6DQ;;https://www.youtube.com/channel/UCVH6xZPHujq9sIFIeGAR6DQ;;1266;;HRVATSKA KOŠARKA #26  sezona IV;;sport-basketball
