PLRE3oihck_5CTs-OSFfKGViCYLDJYEGx5;;38. Forum poslovanja nekretninama – Ključni problemi i rješenja
PLRE3oihck_5BLfMQTCsXlO3AEfY6Uo3iL;;❤️ Prodaja stanova u Fažani, Valbandonu i Peroju | Nekretnine Pula
PLRE3oihck_5DxpmE7XNcRhAzrnH7AlHHy;;Apartments in Pula Under 255,000 € – Your Dream Home Awaits! 2024
PLRE3oihck_5CIxVJHDZHplZpU7RzIeMf7;;Rad Agencija u Hrvatskoj: Savjeti i Vizija
PLRE3oihck_5BpInoG0C-Hqi6H0aUBKyOw;;Prodaja Stanova u Puli 2024: Otkrijte Najbolje Ponude - #PulaNekretnine2024
PLRE3oihck_5B0vkCaXycoxC2nUhq5MFaM;;🔵 Nekretnine Istra – Agencije za nekretnine - Immobilien Kroatien
PLRE3oihck_5Dc31sVkwxhBo_I4vkRmPi3;;🔵 Video Prezentacije Nekretnina: Tajna 60% Bolje Prodaje u 2024
PLRE3oihck_5Bg47olVHXOp3krgGZ2irDI;;SHORTS
PLRE3oihck_5ANN62a4pYrif8VtOKde4qH;;☘️ Exklusiv! Entdecken Sie traumhafte Immobilien in Kroatien: Haus kaufen in Istrien 2023
PLRE3oihck_5DnKYeFF7iPH5YvQoQd5rNp;;🔵 Najtraženije Nekretnine Hrvatska 2021: Da li ste propustili?
PLRE3oihck_5BYvr7M8Ge-X30nlHv6wCOA;;🔵 Sold houses in 2019 | Häuser zum Verkauf im Jahr 2019 | Croatia - Kroatien |
PLRE3oihck_5DDclu8E19DqefgTWLZXix3;;☘️ Aparmtent in Medulin for sale | Wohnungen in Medulin zu verkaufen | Kroatien Immobilien |
PLRE3oihck_5BqNowcg3Hd2DXWasnZ8lIl;;☘️Apartment for sale | Wohnungen Kaufen | Immobilien Kroatien | Istrien |
PLRE3oihck_5D6L5K1d-gDK5ZCInj5Tx7W;;☘️ Haus kauf Istrien | Immobilie Kroatien |
PLRE3oihck_5CoQtWbuC5g_cRZXxiCu3rr;;🔵 Buy Holiday Home Croatia | Kroatien Ferienhaus | Kaufen | Ferienimmobilien |
PLRE3oihck_5BN05hbIb8eCeQ0kpRqePcZ;;Haus for sale | Häuser zum Verkauf | Kroatien Immobilien | 2019 |
PLRE3oihck_5CCcbeHPMNFKDDzn5DfIeo2;;🔵 Croatia Luxury Beach Villas | Real Estate | Luxury Home |
PLRE3oihck_5C6Y91-DuzOplN4WtM1Axw_;;🔵 Real estate investing Croatia | Rental villas for sale |
PLRE3oihck_5BiFYi4Vc9898WxQxHJb0xC;;🔵 Luxury villas in Croatia for sale  | Istria | 2019 |
PLRE3oihck_5C6TjoLnhBKQ2hpZUFOJCDr;;🔵 Real Estate Croatia | Property Croatia | Istria Region | 2018 |
PLRE3oihck_5Cw63Chc-6tZUIVilc2vJGQ;;🔵 Coastal property for sale in Croatia | Property Croatia | Real Estate Croatia | Istria |
PLRE3oihck_5ClldDmUpT7LCvQJbuzgNU6;;Fuji xt2 video
PLRE3oihck_5BWbB2_D7Be7Wm4R77DufLl;;🔵 Croatian Luxury Real Estate and homes for sale | Croatian Property |
PLRE3oihck_5A4Ts6mNZAxqR1yEMKS1mFM;;THE MOST BEAUTIFUL HOUSE IN CROATIA | ISTRIA |
PLRE3oihck_5BW5xmL6-rapC4dCiQDreVT;;🔵 Luxury Apartments for Sale | Croatia | Istria |
PLRE3oihck_5DydUZR39fMaaBEG7AgBjVJ;;BUILD NEW HOME IN CROATIA | BUILDING PROCESS | ISTRIA REGION |
PLRE3oihck_5ACtkWgrd4p5FtN5KteoI3k;;🔵 Apartments by Sea | For Sale | Flat | Croatia |
PLRE3oihck_5DxeJlvxlp2QAn3u2fd_9WG;;🔵Cheap house in Croatia | Istria | Cheap property | Real estate Croatia
PLRE3oihck_5CCpYvOV-x2qN7HTo2_VDl4;;🔵 HOUSE  NEAR THE SEA IN CROATIA
PLRE3oihck_5D-pqQ-qSiItrRoLofGgYq3;;Croatia's Adriatic sea from air | Croatia's coast
PLRE3oihck_5DguSy9QiXzKNjXvhmsSviV;;Plaže Valbandon- Fažana- Peroj- Barbariga
PLRE3oihck_5BoO1HFiPJrR4_JFVxcvZeZ;;🔵 Flat in Pula for sale | Croatia Real Estate |
PLRE3oihck_5DDUPdoHO-fQ9HJqvtXWypn;;🔵  Top 5 Villas in Istria For sale | 2016 | Croatia |
PLRE3oihck_5AESE8HIgeh_kkUOoS09IIA;;🔵 Nekretninski vodič – savjeti, novosti i praksa iz svijeta agencija
PLRE3oihck_5CGpkHIG6S6dsGaDar3ys3V;;Immobilien Istrien | Kroatien
PLRE3oihck_5AIuCH6mYtp4GDqlnK9mS_5;;🔵  Exploring Istria | Croatia |
PLRE3oihck_5BM6vkRmF8-Jtlro742G2lZ;;Rent property in Istria | Croatia
PLRE3oihck_5ATDvw3QHGgVb1JXhwNZ_Kv;;🔵  Houses in Croatia for sale | Property in Croatia for sale | Istria |
PLRE3oihck_5AZLQBslavnXE61nc51d3AM;;🔵 Villas in Istria for sale | Croatia Property | Istrian Villas |
PL027B8AF1DF127CFA;;🔵 Building land for sale in Istria | Croatia | Maris real estate |
PL01A76D059245FB84;;🔵  APARTMENTS FOR SALE IN ISTRIA | CROATIA | FLATS  FOR SALE | REAL ESTATE CROATIA |
PLF83A64C6ED95B44B;;🔵Steinhäuser zum Verkauf in Kroatien | Istrien |
--STREAMS
7303;;Event "Nekretnine bez cenzure" Pula | Agencije za nekretnine Pula | 2 
57;;🔵 Exclusive villa in Croatia - new video soon | Snimanje vile |
88;;🔵House for sale with splendid view of the sea and old town Rovinj | Cr
40;;🔵  Blue don’t want to work today
39;;🔵 Villa in Croatia for sale near the sea | Medulin | Croatia |
126;;🔵 Croatia villa with pool first line to the sea | Villas in Croatia se
191;;🔵 Stone vila in Croatia , Motovun | Stone House | Istria |
25;;🔵 Hawaii beach Verudela | Pula | Croatia
115;;🔵Croatia- Pula sunset
70;;🔵  Bike ride  in Park of Nature Kamenjak Premantura | Croatia | Istria
48;;🔵 My real estate agent Blue | Weimaraner house
