1730;;20260825;;oPFNOfnYSFw;;Dušan Alimpijević o Bogdanoviću, Miciću i drugarstvu u reprezentaciji Srbije / SPORT KLUB 
15006;;20260725;;SleKI4WjUk4;;Pratite veliko finale Vimbldona Siner - Zverev sa Ivanom i Viškom
2121;;20260725;;_KY5zpQhWas;;Pregled 12. dana Vimbldona sa našom ekipom na licu mesta u Londonu
9276;;20260725;;gvZQzZWP6mo;;Pratite blokbaster Đokovića i Sinera u polufinalu Vimbldona sa Ivanom i Viškom
21867;;20260725;;ksJoT6rB8X8;;Pratite meč Đokovića i Ože-Alijasima u četvrtfinalu Vimbldona sa Ivanom i Viškom
14815;;20260725;;GtbNsNBjdww;;Pratite meč Đokovića i Safijulina u osmini finala Vimbldona sa Ivanom i Viškom
3358;;20260725;;ZHApSc3xBh0;;Pregled 5. dana Vimbldona sa našom ekipom na licu mesta u Londonu
12450;;20260725;;pPUa_vQqUlw;;Pratite meč Đokovića i Rinderkneša u trećem kolu Vimbldona sa Ivanom i Viškom
7081;;20260725;;BwXDWipESXc;;Pratite meč Đokovića i Cicipasa u drugom kolu Vimbldona sa Ivanom i Viškom
1296;;20260725;;Y4NQmmuUGoY;;Pregled 2. dana Vimbldona sa našom ekipom na licu mesta u Londonu
13041;;20260725;;Mic3gCpELFU;;Pratite meč Đokovića i Vua u prvom kolu Vimbldona sa Viškom i Ivanom
6126;;20260625;;-sRWFLFwNEo;;SK na licu mesta: Sve o skupštini FK Partizan, šta se sve desilo na Teleoptiku?
10200;;20260625;;Rc00H56GdN8;;SK na licu mesta: Sve o skupštini FK Partizan na Teleoptiku
8185;;20260425;;k5R8ncLWxuY;;Poslednji pozdrav velikom Dušku Vujoševiću I SPORT KLUB Košarka
3329;;20260425;;Tur74dHtWVw;;Komemoracija Dušku Vujoševiću I SPORT KLUB Košarka
3596;;20260125;;chl01QqtApk;;Predstavljanje Đoana Penjaroje i Kamerona Pejna u Partizanu I SPORT KLUB Košarka
5176;;20251225;;UEGkQcCanyw;;Prvo Obraćanje Ostoje Mijailovića nakon odlaska Željka Obradovića I SPORT KLUB Košarka
5323;;20251225;;ADCGT4Yxgy0;;Pratimo dešavanja ispred Arene pred meč Partizan - Bajern I SPORT KLUB Košarka
3712;;20251225;;_zlxHrUaULA;;Sport Klub ispred Beogradske Arene na treningu Košarkaša Partizana
6458;;20251225;;NwN-fnhLeR8;;Doček Željka Obradovića na Aerodromu u Beogradu  | Sport Klub Košarka
3080;;20251025;;iT_mIqtHXl4;;SportSKi dan 12.10.2025. | 51 minut o totalnom fudbalskom i nefudbalskom fijasku u Leskovc
13133;;20250925;;ClJ7k0EJ1gc;;Pratite Finale Vimbldona sa Cvijom i Ivanom I SPORT KLUB Tenis
3392;;20250925;;j5ZMs-DyBhk;;Wimbledon Studio 13.7.2025 I SPORT KLUB Tenis
3911;;20250925;;zR11clqFz0A;;Wimbledon, odjava dana (12.7.2025) I SPORT KLUB Tenis
3657;;20250925;;suQPpDLjRvw;;Wimbledon Studio 12.7.2025 I SPORT KLUB Tenis
3398;;20250925;;oDZE8H6t2Ac;;Wimbledon, odjava dana (11.7.2025) I SPORT KLUB Tenis
8431;;20250925;;_Dmjb1-PJGc;;Pratite blokbaster Đoković - Siner u polufinalu Vimblodna sa Ivanom i Viškom I SPORT KLUB 
3506;;20250925;;BGf8_AGpqQ8;;Wimbledon Studio 11.7.2025 I SPORT KLUB Tenis
3097;;20250925;;tUGH30_gqwc;;Wimbledon, odjava dana (10.7.2025) I SPORT KLUB Tenis
3797;;20250925;;p9ITTzfK77s;;Wimbledon Studio 10.7.2025 I SPORT KLUB Tenis
14841;;20250925;;wl7Git6b6QQ;;Pratite Novaka protiv Kobolija u četvrtfinalu Vimblodna sa Ivanom i Viškom I SPORT KLUB Te
3600;;20250925;;Yl4RozQMft8;;Wimbledon Studio 9.7.2025 I SPORT KLUB Tenis
2785;;20250925;;L_t_lqh9-I4;;Wimbledon, odjava dana (8.7.2025) I SPORT KLUB Tenis
4962;;20250925;;LjHM3ryUWxE;;Wimbledon Studio 8.7.2025 I SPORT KLUB Tenis
3926;;20250925;;u2ZQ1zIIJ2Y;;Wimbledon, odjava dana (7.7.2025) I SPORT KLUB Tenis
12769;;20250925;;so5_3zFuHKc;;Pratite Novaka protiv De Minora u četvrtom kolu Vimblodna sa Ivanom i Viškom I SPORT KLUB 
3532;;20250925;;vYxE1r3HiUA;;Wimbledon Studio 7.7.2025 I SPORT KLUB Tenis
3327;;20250925;;Sb_hGf4WwBs;;Wimbledon, odjava dana (6.7.2025) I SPORT KLUB Tenis
3708;;20250925;;DREUfB_OIgY;;Wimbledon Studio 6.7.2025 I SPORT KLUB Tenis
5678;;20250925;;kLkjzF2xRi8;;Pratite Novaka protiv Kecmanovića u trećem kolu Vimblodna sa Ivanom i Viškom I SPORT KLUB 
691;;20250925;;EPcCdVuK-uk;;Pratite Novaka protiv Kecmanovića u trećem kolu Vimblodna sa Ivanom i Viškom I SPORT KLUB 
5436;;20250925;;H05nAJGbzaw;;Wimbledon Studio 5.7.2025 I SPORT KLUB Tenis
3286;;20250925;;nA53YIILFAg;;Wimbledon, odjava dana (4.7.2025) I SPORT KLUB Tenis
5733;;20250925;;qer5hulSKF4;;Wimbledon studio 4.7.2025 I SPORT KLUB Tenis
2713;;20250925;;2MgajlNw_LU;;Wimbledon, odjava dana (3.7.2025) I SPORT KLUB Tenis
7579;;20250925;;ugIUKgch4c8;;Pratite Novaka protiv Evansa u drugom kolu Vimblodna sa Ivanom i Viškom I SPORT KLUB Tenis
5482;;20250925;;4C1Hklq_bG8;;Wimbledon studio 3.7.2025 I SPORT KLUB Tenis
3122;;20250925;;D23cf9vLTyo;;Wimbledon, odjava dana (2.7.2025) I SPORT KLUB Tenis
7056;;20250925;;4NbL5QRChfA;;Wimbledon studio 2.7.2025 I SPORT KLUB Tenis
12477;;20250925;;pNBovExbg5M;;Pratite Novaka protiv Mulera u prvom kolu Vimblodna sa Ivanom i Viškom I SPORT KLUB Tenis
3666;;20250925;;EDo09YNdVW4;;Wimbledon studio 1.7.2025 I SPORT KLUB Tenis
2918;;20250925;;HeJZMpcJILQ;;Wimbledon, odjava dana (30.6.2025) I SPORT KLUB Tenis
5362;;20250925;;rA8AyHBn_Q0;;Wimbledon studio 30.6.2025 I SPORT KLUB Tenis
7169;;20250925;;wq5x-S58MGw;;Jutarnji program 26.6.2025. | Sport Klub
6959;;20250925;;M_W7mOO3lw8;;Jutarnji program 25.6.2025. | Sport Klub
8514;;20250925;;r4mxL16YPbo;;Jutarnji program 24.6.2025. | Sport Klub
7048;;20250925;;Ba6GntDIGIM;;Jutarnji program 23.6.2025. | Sport Klub
6702;;20250925;;jlvhLitGZfA;;Jutarnji program 20.6.2025. | Sport Klub
6848;;20250925;;5BQQm9J2pzI;;Jutarnji program 19.6.2025. | Sport Klub
6004;;20250925;;HYFhe4aiAQI;;Jutarnji program 18.6.2025. | Sport Klub
